player,COUNT(DISTINCT pt.teamID)
A.C. Green,3
Aaron Brooks,4
Aaron Gordon,2
Aaron Gray,2
Aaron Holiday,2
Aaron McKie,4
Aaron Williams,2
Abdel Nader,3
Adam Keefe,2
Adonal Foyle,2
Adrian Branch,2
Adrian Caldwell,2
Adrian Dantley,4
Adrian Griffin,2
Al Attles,2
Al Bianchi,2
Al Harrington,4
Al Horford,3
Al Jefferson,4
Al-Farouq Aminu,2
Alaa Abdelnaby,2
Alan Henderson,3
Alec Burks,3
Alex Caruso,2
Alex English,2
Alex Hannum,3
Alfonzo McKinnie,2
Alize Johnson,2
Allan Houston,2
Allen Iverson,2
Alonzo Mourning,2
Alton Lister,4
Alvin Robertson,2
Amar'e Stoudemire,4
Amir Johnson,4
Anderson VarejÃ£o,2
Andray Blatche,2
Andre Drummond,3
Andre Iguodala,4
Andre Miller,5
Andrei Kirilenko,2
Andrew Bogut,2
Andrew Goudelock,2
Andrew Lang,2
Andrew Wiggins,2
AndrÃ©s Nocioni,2
Andy Phillip,4
Anfernee Hardaway,3
Antawn Jamison,4
Anthony Bonner,2
Anthony Bowie,3
Anthony Carter,3
Anthony Davis,2
Anthony Johnson,4
Anthony Mason,4
Anthony Miller,2
Anthony Morrow,2
Anthony Parker,2
Anthony Peeler,4
Anthony Tolliver,4
Antoine Carr,4
Antoine Walker,3
Antoine Wright,2
Antonio Daniels,5
Antonio Davis,3
Antonio Harvey,2
Antonio McDyess,3
Archie Clark,6
Armen Gilliam,5
Arnie Risen,2
Aron Baynes,3
Arron Afflalo,3
Art Williams,2
Artis Gilmore,3
Austin Croshere,2
Austin Daye,2
Austin Rivers,3
Avery Johnson,3
B.J. Armstrong,3
Bailey Howell,4
Baron Davis,4
Ben McLemore,2
Ben Wallace,3
Ben Warley,3
Beno Udrih,2
Benoit Benjamin,2
Bernard King,3
Bill Bridges,4
Bill Cartwright,2
Bill Closs,3
Bill Hanzlik,2
Bill Turner,3
Bill Walton,2
Bill Wennington,2
Bill Willoughby,2
Billy Kenville,3
Billy Knight,3
Billy McKinney,2
Billy Owens,2
Billy Paultz,4
Billy Thomas,3
Bimbo Coles,2
Bismack Biyombo,3
Bison Dele,3
Blake Griffin,3
Bo Outlaw,4
Bob Boozer,4
Bob Brannum,2
Bob Dandridge,2
Bob Ferry,3
Bob Hansen,2
Bob Harris,2
Bob Harrison,3
Bob Kauffman,2
Bob Lanier,2
Bob Lavoy,2
Bob McAdoo,4
Bob Portman,2
Bob Sura,2
Bob Thornton,2
Bob Weiss,4
Bob Wilkerson,2
Boban MarjanoviÄ‡,3
Bobby Jackson,4
Bobby Jones,2
Bobby Phills,2
Bobby Portis,2
Bobby Simmons,2
Bojan BogdanoviÄ‡,4
Bones McKinney,2
Bonzi Wells,4
Boris Diaw,4
BoÅ¡tjan Nachbar,2
Brad Holland,2
Brad Lohaus,3
Brad Miller,4
Brad Sellers,2
Brandan Wright,2
Brandon Bass,4
Brandon Jennings,2
Brandon Rush,2
Brendan Haywood,3
Brent Barry,4
Brevin Knight,3
Brian Cardinal,2
Brian Cook,2
Brian Evans,2
Brian Grant,4
Brian Scalabrine,2
Brian Shaw,4
Brian Skinner,4
Brook Lopez,2
Bruce Bowen,2
Bruce Brown,2
Bryce Drew,2
Bryn Forbes,3
Bryon Russell,3
Buck Williams,3
Bud Olsen,2
Butch Beard,3
Byron Houston,2
Byron Scott,2
C.J. Miles,3
C.J. Watson,3
CJ McCollum,2
Calbert Cheaney,2
Caldwell Jones,4
Calvin Booth,2
Calvin Natt,3
Cameron Payne,3
Campy Russell,2
Carl Braun,2
Carl Herrera,2
Carl Landry,3
Carlos Arroyo,4
Carlos Boozer,2
Carlos Delfino,4
Carmelo Anthony,4
Caron Butler,5
Cazzie Russell,3
Cedric Ceballos,3
Cedric Maxwell,2
Chandler Parsons,2
Channing Frye,3
Charles Barkley,3
Charles Davis,3
Charles Johnson,2
Charles Jones,4
Charles Oakley,3
Charles Smith,4
Charlie Criss,2
Charlie Scott,3
Charlie Ward,2
Chauncey Billups,5
Cherokee Parks,2
Chet Walker,3
Chris Andersen,3
Chris Bosh,2
Chris Carr,2
Chris Childs,2
Chris Copeland,2
Chris Dudley,5
Chris Duhon,3
Chris Ford,2
Chris Gatling,4
Chris Kaman,2
Chris Mihm,2
Chris Mills,2
Chris Morris,3
Chris Mullin,2
Chris Paul,5
Chris Washburn,2
Chris Webber,5
Chris Whitney,2
Christian Laettner,3
Chuck Cooper,2
Chuck Hayes,2
Chuck Nevitt,3
Chuck Noble,2
Chuck Person,3
Chuck Share,3
Chucky Atkins,4
Chucky Brown,5
Clarence Weatherspoon,2
Clay Johnson,2
Clem Haskins,2
Clemon Johnson,4
Cliff Levingston,4
Cliff Robinson,3
Clifford Ray,2
Clifford Robinson,4
Clint Capela,2
Clint Richardson,2
Clyde Drexler,2
Clyde Lee,3
Clyde Lovellette,4
Coby Dietrick,2
Cody Zeller,2
Cole Aldrich,2
Connie Dierking,3
Connie Hawkins,2
Corey Brewer,4
Corie Blount,4
Corliss Williamson,2
Cornell Warner,2
Cory Joseph,3
Courtney Lee,4
Craig Ehlo,3
Craig Hodges,2
Curtis Perry,2
Curtis Rowe,2
Cuttino Mobley,3
D'Angelo Russell,2
D.J. Augustin,4
D.J. Mbenga,3
Daequan Cook,3
Dahntay Jones,6
Dale Davis,3
Dale Ellis,4
Dale Schlueter,2
Damien Wilkins,2
Damon Jones,4
Damon Stoudamire,2
Dan Majerle,3
Dan Roundfield,3
Dana Barros,3
Daniel Santiago,2
Danilo Gallinari,4
Danny Ainge,3
Danny Ferry,2
Danny Granger,2
Danny Green,4
Danny Manning,6
Danny Schayes,5
Danny Vranes,2
Danny Young,3
Dante Cunningham,4
Danuel House Jr.,2
Dario Å ariÄ‡,2
Darius Morris,2
Darius Songaila,2
Darko MiliÄiÄ‡,2
Darnell Hillman,2
Darnell Valentine,2
Darrall Imhoff,3
Darrell Armstrong,3
Darrell Walker,5
Darren Collison,2
Darren Daye,2
Darrick Martin,4
Darrin Hancock,2
Darryl Dawkins,2
Darvin Ham,2
Darwin Cook,3
Dave Bing,2
Dave Corzine,4
Dave DeBusschere,2
Dave Feitl,2
Dave Gambee,2
Dave Greenwood,4
Dave Piontek,2
Dave Robisch,3
Dave Stallworth,2
David Lee,3
David Thirdkill,2
David Thompson,2
David Wesley,4
David West,4
David Wingate,4
David Wood,2
DeAndre Jordan,2
DeAndre Liggins,2
DeJuan Blair,2
DeMar DeRozan,3
DeMarcus Cousins,3
DeMarre Carroll,5
DeShawn Stevenson,4
Dee Brown,4
Dell Curry,5
Delon Wright,3
Delonte West,3
Dennis Awtrey,4
Dennis Johnson,3
Dennis Rodman,3
Dennis SchrÃ¶der,3
Dennis Scott,2
DerMarr Johnson,2
Derek Anderson,4
Derek Fisher,3
Derek Harper,3
Derek Smith,2
Derek Strong,2
Deron Williams,4
Derrick Chievous,2
Derrick Coleman,3
Derrick Jones Jr.,3
Derrick McKey,3
Derrick Rose,3
Derrick White,2
Desmond Mason,2
Detlef Schrempf,4
Devean George,2
Devin Brown,4
Devin Harris,3
Dewayne Dedmon,2
Dick Barnett,3
Dick Farley,2
Dick Garrett,2
Dick Gibbs,2
Dick McGuire,2
Dick Snyder,3
Dick Van Arsdale,2
Dike Eddleman,2
Dikembe Mutombo,6
Dion Waiters,2
Dirk Minniefield,2
Doc Rivers,4
Domantas Sabonis,2
Dominique Wilkins,3
Don Adams,3
Don Buse,4
Don Chaney,2
Don Henriksen,2
Don Kojis,3
Don May,2
Don Nelson,2
Don Ohl,4
Don Otten,2
Don Reid,2
Donald Royal,3
Donatas MotiejÅ«nas,2
Donny Marshall,2
Donyell Marshall,3
Dorell Wright,2
Doug Christie,4
Doug McDermott,3
DraÅ¾en PetroviÄ‡,2
Drew Gooden,4
Duane Causwell,2
Duane Ferrell,2
Dudley Bradley,4
Dwayne Jones,3
Dwight Howard,5
Dwight Jones,3
Dwyane Wade,2
DÄvis BertÄns,3
E'Twaun Moore,4
Earl Clark,4
Earl Cureton,3
Earl Lloyd,2
Earl Monroe,2
Earl Watson,2
Ed Conlin,3
Ed Davis,3
Ed Macauley,2
Ed Manning,2
Ed Mikan,3
Ed Nealy,4
Ed Pinckney,2
Ed Sherod,2
Eddie House,5
Eddie Johnson,7
Eddie Jones,5
Eddie Jordan,2
Eddie Mast,2
Eddie Miles,3
Edgar Jones,2
Eduardo NÃ¡jera,2
Ekpe Udoh,3
Elden Campbell,3
Eldridge Recasner,3
Elfrid Payton,2
Elgin Baylor,2
Elmore Smith,3
Elmore Spencer,2
Elston Turner,3
Elton Brand,3
Elvin Hayes,5
Em Bryant,2
Emeka Okafor,2
Enes Freedom,4
Ennis Whatley,3
Eric Bledsoe,2
Eric Fernsten,2
Eric Gordon,2
Eric Leckner,2
Eric Money,2
Eric Montross,3
Eric Murdock,2
Eric Piatkowski,4
Eric Snow,3
Erick Dampier,2
Erick Strickland,3
Ernie Grunfeld,3
Ersan Ä°lyasova,4
Ervin Johnson,3
Erwin Mueller,2
Etan Thomas,3
Evan Fournier,3
Evan Turner,4
Fat Lever,2
Felton Spencer,2
Flynn Robinson,5
Foots Walker,2
Francisco Elson,2
Francisco GarcÃ­a,2
Frank Brickowski,3
Frank Johnson,3
Frank Kaminsky,2
Frank Kudelka,2
Frank Ntilikina,2
Frank Selvy,3
Frankie Brian,2
Fred Carter,2
Fred Hetzel,3
Fred Hoiberg,2
Fred Roberts,5
Fred Schaus,2
Fred Scolari,4
Freddie Crawford,4
Gail Goodrich,2
Gar Heard,3
Garrett Temple,5
Gary Brokaw,2
Gary Clark,2
Gary Grant,3
Gary Neal,2
Gary Payton,5
Gary Phillips,2
Gary Trent,2
Gary Trent Jr.,2
Gene Banks,2
Gene Shue,3
George Dempsey,2
George Gervin,2
George Hill,6
George Johnson,7
George King,2
George Lee,2
George Lynch,4
George McCloud,2
George McGinnis,2
George Trapp,2
George Wilson,3
George Yardley,3
Georges Niang,2
Gerald Green,5
Gerald Henderson,5
Gerald Wallace,5
Gerald Wilkins,3
Gerry Ward,3
Gilbert Arenas,3
Glen Davis,3
Glen Gondrezick,2
Glen Rice,4
Glenn Robinson,2
Glenn Robinson III,2
Goran DragiÄ‡,3
Gordan GiriÄek,3
Gordon Hayward,2
Gorgui Dieng,2
Grant Hill,4
Grant Long,4
Granville Waiters,2
Grayson Allen,3
Greg Anderson,3
Greg Anthony,3
Greg Ballard,2
Greg Buckner,3
Greg Dreiling,2
Greg Foster,4
Greg Grant,2
Greg Kite,2
Greg Monroe,4
Greg Oden,2
Greg Ostertag,2
Greg Smith,3
Greg Stiemsma,2
Greg Sutton,2
Greivis VÃ¡squez,2
Gus Williams,3
Guy Rodgers,4
Hakeem Olajuwon,2
Hakim Warrick,2
Hal Greer,2
Hank Finkel,3
Hank McDowell,2
Happy Hairston,3
Harry Gallatin,2
Harvey Catchings,3
Harvey Grant,3
Hassan Whiteside,3
Haywoode Workman,2
Hedo TÃ¼rkoÄŸlu,4
Henry Bibby,2
Henry James,2
Henry Walker,2
Herb Williams,3
Herm Gilliam,3
Hersey Hawkins,3
Hilton Armstrong,3
Horace Grant,4
Hot Rod Hundley,2
Hot Rod Williams,2
Howard Eisley,2
Howard Porter,2
Howie Schultz,2
Hub Reed,3
Ian Clark,2
Ian Mahinmi,4
Iman Shumpert,3
Ira Newble,2
Isaac Austin,3
Isaac Bonga,2
Ish Smith,5
J.J. Redick,4
J.R. Reid,4
J.R. Smith,4
JaMychal Green,3
JaVale McGee,5
Jabari Parker,2
Jabari Smith,2
Jack Coleman,2
Jack George,2
Jack Haley,3
Jack Kerris,2
Jack Marin,3
Jack McMahon,2
Jack Nichols,2
Jack Sikma,2
Jacque Vaughn,4
Jae Crowder,5
Jake Tsakalidis,3
Jakob Poeltl,2
Jalen Rose,3
Jamaal Magloire,4
Jamaal Tinsley,2
Jamaal Wilkes,2
Jamal Crawford,3
Jamal Mashburn,3
Jamario Moon,3
James Anderson,2
James Bailey,2
James Donaldson,4
James Edwards,7
James Ennis III,3
James Harden,4
James Johnson,4
James Jones,4
James Posey,4
James Robinson,2
James Singleton,2
James White,2
Jannero Pargo,5
Jared Dudley,5
Jared Jeffries,2
Jarell Martin,2
Jaren Jackson,5
Jarred Vanderbilt,2
Jarrett Jack,3
Jarron Collins,2
Jarvis Hayes,2
Jason Caffey,2
Jason Collins,2
Jason Hart,4
Jason Kapono,2
Jason Kidd,4
Jason Richardson,3
Jason Smith,3
Jason Terry,4
Jason Williams,4
Javonte Green,2
Jay Humphries,3
Jay Vincent,4
Jayson Williams,2
Jeff Ayres,4
Jeff Cook,3
Jeff Grayer,2
Jeff Green,8
Jeff Hornacek,2
Jeff Lamp,3
Jeff Malone,2
Jeff Mullins,3
Jeff Teague,4
Jeff Turner,2
Jeff Wilkins,2
Jerami Grant,2
Jeremy Lamb,2
Jeremy Lin,3
Jeremy Richardson,2
Jerian Grant,2
Jermaine Jackson,2
Jermaine O'Neal,5
Jerome James,2
Jerome Jordan,2
Jerome Kersey,4
Jerome Williams,2
Jerrod Mustaf,2
Jerry Chambers,3
Jerry Fleishman,2
Jerry Lucas,3
Jerry Reynolds,2
Jerry Sichting,3
Jerry Sloan,2
Jerry Stackhouse,4
Jerryd Bayless,4
Jevon Carter,2
Jim Baechtold,2
Jim Barnes,3
Jim Barnett,4
Jim Brewer,3
Jim Chones,3
Jim Cleamons,4
Jim Davis,3
Jim Farmer,2
Jim Fox,5
Jim Jackson,5
Jim King,3
Jim Krebs,2
Jim McMillian,3
Jim Paxson,4
Jim Petersen,2
Jim Price,3
Jim Washington,5
Jimmy Butler,4
Jimmy Walker,2
JiÅ™Ã­ Welsch,2
Joakim Noah,2
Jodie Meeks,4
Joe Barry Carroll,4
Joe Caldwell,2
Joe Ellis,2
Joe Graboski,4
Joe Harris,2
Joe Holup,2
Joe Johnson,6
Joe Kleine,3
Joe Kopicki,2
Joe Smith,5
Joe Wolf,3
Joel Anthony,2
Joel Przybilla,2
Joey Graham,2
Joffrey Lauvergne,2
Johan Petro,2
John Amaechi,3
John Bagley,2
John Barnhill,2
John Battle,2
John Block,4
John Crotty,4
John Drew,2
John Gianelli,2
John Johnson,2
John Lambert,3
John Long,2
John Lucas,4
John Lucas III,2
John Mahnken,2
John Mengelt,2
John Morton,2
John Paxson,2
John Salley,4
John Salmons,4
John Shumate,2
John Starks,2
John Thomas,2
John Tresvant,2
John Wetzel,2
John Williams,2
John Williamson,2
Johnny Davis,4
Johnny Dawkins,2
Johnny Egan,3
Johnny Green,2
Johnny McCarthy,2
Johnny Newman,4
Jon Barry,6
Jon Koncak,2
Jon Leuer,2
Jon McGlocklin,2
Jon Sundvold,3
Jonas Jerebko,3
Jonas ValanÄiÅ«nas,3
Jonathon Simmons,2
Jordan Clarkson,2
Jordan Crawford,3
Jordan Farmar,2
Jordan Hill,2
Jorge GutiÃ©rrez,3
Josh Howard,2
Josh McRoberts,4
Josh Powell,4
Josh Richardson,3
Josh Smith,2
JosÃ© CalderÃ³n,5
Jrue Holiday,3
Juan Dixon,3
Juancho HernangÃ³mez,2
Jud Buechler,3
Jumaine Jones,2
Justin Anderson,3
Justin Holiday,2
Justin Jackson,2
Justise Winslow,2
Juwan Howard,5
Juwan Morgan,2
Kareem Abdul-Jabbar,2
Karl Malone,2
Kawhi Leonard,3
Keith Bogans,4
Keith Erickson,3
Keith Van Horn,4
Kelenna Azubuike,2
Kelly Olynyk,2
Kelly Tripucka,2
Kelvin Cato,3
Kelvin Ransey,2
Kemba Walker,3
Ken Norman,2
Kendall Gill,4
Kendrick Perkins,3
Kenneth Faried,2
Kenny Anderson,5
Kenny Carr,2
Kenny Rollins,2
Kenny Sears,2
Kenny Thomas,2
Kent Bazemore,2
Kent Benson,3
Kentavious Caldwell-Pope,2
Kenyon Martin,4
Keon Clark,2
Kermit Washington,2
Kevin Durant,3
Kevin Edwards,2
Kevin Gamble,2
Kevin Garnett,3
Kevin Grevey,2
Kevin Knox,2
Kevin Kunnert,2
Kevin Loughery,2
Kevin Martin,3
Kevin Ollie,3
Kevin Porter,4
Kevin Restani,2
Kevin SÃ©raphin,2
Kevin Williams,2
Kevin Willis,4
Keyon Dooling,4
Khem Birch,2
Kiki Vandeweghe,4
Kirk Hinrich,2
Kleggie Hermsen,2
Kosta Koufos,3
Kris Humphries,4
Kurt Nimphius,4
Kurt Rambis,2
Kurt Thomas,6
Kwame Brown,3
Kyle Anderson,2
Kyle Korver,6
Kyle Lowry,3
Kyle Macy,3
Kyle O'Quinn,2
Kyrie Irving,3
LaMarcus Aldridge,2
LaPhonso Ellis,2
LaSalle Thompson,3
Lamar Odom,3
Lamond Murray,2
Lance Stephenson,2
Landry Fields,2
Landry Shamet,3
Langston Galloway,2
Larry Costello,3
Larry Drew,3
Larry Foust,3
Larry Hughes,4
Larry Johnson,2
Larry Kenon,2
Larry Krystkowiak,3
Larry McNeill,2
Larry Micheaux,2
Larry Nance,2
Larry Nance Jr.,2
Larry Smith,3
Larry Spriggs,2
Latrell Sprewell,3
Lavoy Allen,2
Lawrence Funderburke,2
LeBron James,3
Leandro Barbosa,3
Lee Shaffer,2
Len Chappell,4
Len Elmore,3
Leo Barnhorst,3
Leon Douglas,2
Leon Powe,3
Leon Wood,3
Leonard Gray,2
Leroy Ellis,3
Lester Conner,4
Lew Hitch,2
Lindsey Hunter,4
Linton Townes,2
Lionel Hollins,4
Lloyd Walton,2
Lonnie Shelton,3
Loren Woods,3
Lorenzen Wright,2
Lorenzo Williams,2
Lou Amundson,3
Lou Hudson,3
Lou Williams,5
Louis Orr,2
Loy Vaught,2
Luc Longley,2
Luc Mbah a Moute,3
Lucius Allen,3
Luis Scola,3
Luke Jackson,2
Luke Kennard,2
Luke Ridnour,3
Luol Deng,2
M.L. Carr,2
Major Jones,2
Malcolm Brogdon,2
Malik Allen,5
Malik Beasley,2
Malik Rose,2
Malik Sealy,3
Manute Bol,3
Marc Gasol,3
Marc Iavaroni,3
Marc Jackson,2
Marcin Gortat,2
Marco Belinelli,4
Marcus Banks,2
Marcus Camby,3
Marcus Morris,3
Mario Bennett,2
Mario Elie,5
Mark Aguirre,2
Mark Alarie,2
Mark Bryant,6
Mark Jackson,5
Mark Landsberger,2
Mark Madsen,2
Mark McNamara,2
Mark Olberding,3
Mark Pope,2
Mark West,6
Markelle Fultz,2
Markieff Morris,4
Marquis Daniels,3
Marreese Speights,4
Martell Webster,2
Marty Conlon,2
Marvin Webster,3
Marvin Williams,3
Mason Plumlee,3
Matt Barnes,5
Matt Bullard,2
Matt Geiger,3
Matt Guokas,3
Matt Harpring,3
Matt Thomas,2
Matthew Dellavedova,2
Maurice Cheeks,3
Maurice Evans,5
Maurice Lucas,4
Max Zaslofsky,3
McCoy McLemore,2
Mehmet Okur,2
Mel Counts,2
Mel Payton,2
Melvin Turpin,2
Metta World Peace,4
Meyers Leonard,2
Michael Adams,3
Michael Beasley,3
Michael Cage,2
Michael Carter-Williams,3
Michael Curry,2
Michael Doleac,3
Michael Finley,3
Michael Holton,2
Michael Kidd-Gilchrist,2
Michael Ruffin,2
Michael Smith,2
Michael Stewart,2
Micheal Ray Richardson,2
Micheal Williams,3
MickaÃ«l PiÃ©trus,3
Mickey Johnson,3
Mike Bantom,3
Mike Bibby,4
Mike Bratz,3
Mike Brown,3
Mike Conley,2
Mike Dunleavy,7
Mike Evans,3
Mike Farmer,2
Mike Gale,2
Mike Glenn,3
Mike Gminski,3
Mike James,4
Mike McGee,3
Mike Miller,4
Mike Muscala,2
Mike Riordan,4
Mike Sanders,4
Mike Scott,3
Mike Smrek,2
Mike Sweetney,2
Mike Wilks,2
Mike Woodson,4
Mikki Moore,3
Mirza TeletoviÄ‡,2
Mitch Kupchak,2
Mitch Richmond,3
Mo Williams,4
Monk Meineke,2
Monta Ellis,4
Montrezl Harrell,3
Monty Williams,4
Mookie Blaylock,2
Morris Peterson,2
Moses Malone,4
Muggsy Bogues,3
Mychal Thompson,2
Nando De Colo,2
Nat Clifton,2
Nate Hawthorne,2
Nate Robinson,3
Nate Thurmond,4
Nazr Mohammed,7
Neal Walk,2
Negele Knight,2
Neil Johnson,2
Nemanja Bjelica,3
Nenad KrstiÄ‡,3
NenÃª,3
Nerlens Noel,2
Nick Anderson,2
Nick Collison,2
Nick Jones,2
Nick Van Exel,3
Nick Weatherspoon,2
Nick Young,3
Nicolas Batum,3
Nikola MirotiÄ‡,3
Nikola VuÄeviÄ‡,3
Noah Vonleh,2
Noble Jorgensen,2
Norman Powell,2
Norris Cole,3
O.J. Mayo,2
Odie Spears,3
Olden Polynice,4
Oliver Miller,2
Ollie Johnson,3
Orlando Woolridge,3
Oscar Robertson,2
Othella Harrington,3
Otis Birdsong,3
Otis Smith,2
Otis Thorpe,6
Otto Porter Jr.,2
P.J. Brown,6
P.J. Tucker,4
Pablo Prigioni,3
Pat Burke,2
Pat Connaughton,2
Pat Cummings,3
Pat Garrity,2
Pat Riley,3
Patrick Beverley,3
Patrick Ewing,3
Patrick McCaw,2
Patrick Patterson,3
Patty Mills,3
Pau Gasol,4
Paul George,3
Paul Millsap,4
Paul Mokeski,3
Paul Neumann,3
Paul Noel,2
Paul Pierce,4
Paul Pressey,2
Paul Ruffner,2
Paul Silas,6
Paul Walther,2
Paul Westphal,3
Peja StojakoviÄ‡,4
Pep Saul,2
Perry Moss,2
Pete Maravich,2
Pete Myers,2
Phil Chenier,3
Phil Ford,2
Phil Jackson,2
Phil Jordon,2
Phil Smith,2
Pooh Richardson,2
Precious Achiuwa,2
Purvis Short,2
PÃ©tur GuÃ°mundsson,2
Quentin Richardson,4
Quincy Pondexter,4
Quinn Buckner,2
Quinn Cook,2
Raef LaFrentz,2
Rafer Alston,4
Raja Bell,3
Rajon Rondo,6
Ralph O'Brien,2
Ralph Sampson,2
Ralph Simpson,3
Ramon Sessions,2
Randy Breuer,2
Randy Foye,2
Randy Livingston,3
Randy Smith,2
Randy Wittman,2
Rashard Lewis,3
Rasheed Wallace,3
Rasho NesteroviÄ‡,3
Rasual Butler,5
Raul Neto,3
Ray Allen,4
Ray Felix,3
Ray Lumpp,2
Ray Scott,2
Ray Tolbert,2
Ray Williams,3
Rayjon Tucker,3
Raymond Felton,6
Red Kerr,3
Red Rocha,2
Reggie Bullock,4
Reggie Evans,5
Reggie Jackson,3
Reggie Johnson,3
Reggie Jordan,2
Reggie King,2
Reggie Theus,4
Reggie Williams,2
Rex Chapman,2
Rex Walters,2
Rich Kelley,3
Richard Anderson,3
Richard Hamilton,2
Richard Jefferson,5
Richard Washington,2
Richie Guerin,3
Rick Adelman,3
Rick Barry,3
Rick Brunson,2
Rick Carlisle,2
Rick Fox,2
Rick Mahorn,4
Rick Robey,2
Rickey Green,4
Ricky Pierce,4
Ricky Sobers,3
Robert Covington,3
Robert Horry,3
Robert Pack,4
Robert Parish,4
Robert Reid,2
Robert Smith,3
Robert Traylor,3
Robin Lopez,5
Rod Higgins,3
Rod Strickland,5
Rodney Buford,4
Rodney Hood,3
Rodney McCray,2
Rodney McGruder,2
Rodney Rogers,6
Rodney Stuckey,2
Rodney White,2
Roger Mason,3
Roger Phegley,2
Rolando Blackman,2
Ron Anderson,3
Ron Behagen,2
Ron Brewer,3
Ron Harper,4
Ron Williams,3
Ronald Murray,5
Rondae Hollis-Jefferson,3
Ronnie Brewer,3
Ronnie Lester,2
Ronnie Price,2
Ronny Turiaf,4
Rony Seikaly,3
Rory Sparrow,4
Rowland Garrett,2
Roy Hinson,2
Royal Ivey,3
Ruben Patterson,4
Rudy Gay,2
Rudy LaRusso,3
Rumeal Robinson,3
Russell Westbrook,3
Ryan Anderson,3
Ryan Bowen,3
Ryan Hollins,3
Sam Bowie,3
Sam Cassell,6
Sam Lacey,2
Sam Mitchell,2
Sam Perkins,4
Sam Vincent,2
Sam Williams,2
Sam Young,3
Samaki Walker,3
Samuel Dalembert,3
Sasha PavloviÄ‡,2
Scot Pollard,3
Scott Brooks,4
Scott Burrell,2
Scott Hastings,2
Scott May,2
Scott Padgett,3
Scott Wedman,3
Scott Williams,4
Scottie Pippen,3
Sean Marks,2
Sean Rooks,2
Sedale Threatt,5
Serge Ibaka,4
Seth Curry,4
Shabazz Napier,2
Shai Gilgeous-Alexander,2
Shaler Halimon,2
Shammond Williams,3
Shandon Anderson,3
Shane Battier,3
Shane Larkin,2
Shannon Brown,2
Shaquille O'Neal,6
Shaun Livingston,3
Shavlik Randolph,2
Shawn Kemp,4
Shawn Marion,3
Shawnelle Scott,2
Shelvin Mack,2
Sherman Douglas,2
Si Green,2
Sidney Green,5
Sidney Moncrief,2
Slater Martin,2
Sleepy Floyd,3
Slick Leonard,2
Slick Watts,2
Solomon Hill,4
Speedy Claxton,3
Spencer Dinwiddie,3
Spencer Hawes,4
Spencer Haywood,4
Stacey Augmon,4
Stacey King,2
Stan Love,2
Stanley Johnson,2
Stanley Roberts,3
Stephen Jackson,4
Stephon Marbury,4
Sterling Brown,2
Steve Alford,2
Steve Blake,6
Steve Bracey,2
Steve Colter,4
Steve Hawes,3
Steve Henson,2
Steve Johnson,3
Steve Kerr,4
Steve Mix,2
Steve Nash,3
Steve Novak,4
Steve Smith,5
Steven Adams,2
Steven Hunter,3
Stojko VrankoviÄ‡,2
Stu Lantz,2
Stuart Gray,2
T.J. Ford,3
T.J. Leaf,2
T.J. McConnell,2
T.R. Dunn,3
Taj Gibson,4
Tariq Abdul-Wahad,2
Taurean Prince,2
Tayshaun Prince,2
Ted McClain,3
Terrell Brandon,2
Terrence Ross,2
Terry Catledge,2
Terry Cummings,4
Terry Driscoll,2
Terry Furlow,3
Terry Mills,3
Terry Porter,4
Terry Teagle,3
Terry Tyler,2
Thabo Sefolosha,4
Thaddeus Young,4
Theo Ratliff,4
Thon Maker,2
Tim Bassett,2
Tim Frazier,3
Tim Hardaway,3
Tim Hardaway Jr.,2
Tim Kempton,2
Tim McCormick,4
Tim Thomas,4
Timofey Mozgov,2
TimothÃ© Luwawu-Cabarrot,2
Tiny Archibald,2
Tobias Harris,2
Toby Kimball,3
Todd MacCulloch,2
Togo Palazzi,2
Tom Boswell,3
Tom Chambers,3
Tom Gugliotta,2
Tom Hammonds,2
Tom Hawkins,3
Tom Henderson,2
Tom Kozelko,2
Tom Kropp,2
Tom LaGarde,2
Tom Marshall,2
Tom McMillen,3
Tom Meschery,2
Tom Owens,2
Tom Thacker,2
Toney Douglas,2
Toni KukoÄ,3
Tony Allen,2
Tony Battie,3
Tony Bradley,2
Tony Brown,3
Tony Campbell,4
Tony Delk,6
Tony Massenburg,2
Tony Smith,3
Tony Snell,3
Torrey Craig,2
Tracy McGrady,5
Tracy Murray,3
Travis Best,2
Travis Knight,2
Tree Rollins,5
Trent Tucker,3
Trevor Ariza,6
Trevor Booker,2
Trey Burke,2
Trey Lyles,2
Tristan Thompson,3
Troy Daniels,4
Troy Hudson,2
Troy Murphy,2
Truck Robinson,3
Ty Lawson,3
Tyler Hansbrough,3
Tyler Johnson,2
Tyler Zeller,2
Tyreke Evans,2
Tyrone Corbin,6
Tyrone Hill,3
Tyronn Lue,3
Tyrus Thomas,2
Tyson Chandler,6
Tyus Edney,2
Tyus Jones,2
Uwe Blab,2
Vernon Maxwell,3
Victor Alexander,2
Victor Oladipo,3
Vin Baker,2
Vince Carter,5
Vincent Askew,2
Vinnie Johnson,3
Vinny Del Negro,3
Vitaly Potapenko,3
Vlade Divac,3
Vladimir RadmanoviÄ‡,5
Von Wafer,3
Voshon Lenard,2
Wade Baldwin,2
Wali Jones,3
Wally Szczerbiak,2
Wally Walker,2
Walt Bellamy,3
Walt Davis,2
Walt Hazzard,3
Walt Wesley,3
Walt Williams,3
Walter Berry,2
Walter Davis,3
Walter Dukes,2
Walter McCarty,4
Wang Zhizhi,2
Wayman Tisdale,2
Wayne Cooper,2
Wayne Ellington,3
Wayne Embry,2
Wayne Hightower,2
Wes Matthews,5
Wes Unseld,3
Wesley Matthews,6
Wesley Person,3
Will Barton,2
Will Bynum,2
Will Perdue,3
Willie Anderson,3
Willie Green,4
Willie Naulls,2
Willie Norwood,3
Wilson Chandler,2
Wilt Chamberlain,4
Winston Garland,2
Woody Sauldsberry,2
World B. Free,3
Xavier McDaniel,4
Yakhouba Diawara,2
Zach Randolph,2
Zaid Abdul-Aziz,3
Zaza Pachulia,5
Zelmo Beaty,2
Zydrunas Ilgauskas,2
Ã–mer AÅŸÄ±k,3
Å arÅ«nas JasikeviÄius,2
Å arÅ«nas MarÄiulionis,2
Å½an Tabak,2
Å½eljko RebraÄa,2
